id,name,tradition,denomination,sub_denomination,address,city,zip,county,region,lat,lng,phone,website,email,leader,leader_title,founded,service_times,size,notes
st-martha,St. Martha Catholic Church,Christianity,Roman Catholic,Diocese of Venice,200 N Orange Ave,Sarasota,34236,Sarasota,,27.3393,-82.5421,(941) 366-4210,https://www.stmartha.org,,"Fr. George Suszko, S.A.C.",Pastor,1912,"Sat Vigil 4 PM; Sun 7:30, 9, 10:30 AM (Eng), 12 PM (Sp), 5 PM",Large,Known as 'the Circus Church'.
incarnation,Incarnation Catholic Church,Christianity,Roman Catholic,Diocese of Venice,2929 Bee Ridge Rd,Sarasota,34239,Sarasota,,27.2843,-82.4884,(941) 921-6631,https://incarnationchurch.org,,Fr. Eric Scanlan,Pastor,1958,"Sat Vigil 4 PM; Sun 7:30, 9, 11 AM, 5 PM",Large,
olqm,Our Lady Queen of Martyrs,Christianity,Roman Catholic,Diocese of Venice,833 Magellan Drive,Sarasota,34243,Sarasota,,27.4022,-82.5597,(941) 755-1826,https://olqm.net,,Fr. John Hoang,Pastor,1959,"Sat Vigil 4 PM; Sun 8, 10 AM, 12 PM",Large,
st-patrick,St. Patrick Catholic Church,Christianity,Roman Catholic,Diocese of Venice,7900 Bee Ridge Rd,Sarasota,34241,Sarasota,,27.284,-82.4296,(941) 378-1703,https://www.churchofstpatrick.org,,Rev. Robert Dziedziak,Pastor,,"Sat Vigil 4 PM; Sun 7:30, 9, 11 AM, 5 PM",Large,
epiphany-cathedral,Epiphany Cathedral,Christianity,Roman Catholic,Diocese of Venice (Cathedral),310 Sarasota St,Venice,34285,Sarasota,,27.0998,-82.4521,(941) 484-3505,https://www.epiphanycathedral.org,,,Rector,,,Large,Cathedral / seat of Diocese of Venice.
san-pedro,San Pedro Catholic Church,Christianity,Roman Catholic,Diocese of Venice,14380 Tamiami Trail,North Port,34287,Sarasota,,27.0432,-82.2231,(941) 426-2500,https://sanpedrocc.org,,"Fr. Thomas Carzon, OMV",Pastor,,,Large,
st-raphael,St. Raphael Catholic Church,Christianity,Roman Catholic,Diocese of Venice,770 Kilbourne Ave,Englewood,34223,Sarasota,,26.9577,-82.3479,,,,,,,,,
olmc-osprey,Our Lady of Mount Carmel,Christianity,Roman Catholic,Diocese of Venice,425 S Tamiami Trail,Osprey,34229,Sarasota,,27.1979,-82.4901,(941) 966-0807,,,,,,,,
st-barbara-greek,St. Barbara Greek Orthodox Church,Christianity,Eastern Orthodox,Greek Orthodox,7671 N Lockwood Ridge Rd,Sarasota,34243,Sarasota,,27.4113,-82.4893,(941) 355-2616,https://sarasotaorthodox.com,,,Priest,,"Sun Orthros 8:45 AM, Divine Liturgy 10 AM",,Only Greek Orthodox parish in the area. Annual Greek Festival in February.
redeemer,Church of the Redeemer,Christianity,Episcopal,Diocese of Southwest Florida,222 S Palm Ave,Sarasota,34236,Sarasota,,27.3329,-82.5404,(941) 955-4263,https://www.redeemersarasota.org,,The Rev. Charleston David Wilson,Rector,1885,"Sat 5:30 PM; Sun 7:30, 9, 11:15 AM","Large (~3,000+ members)",
st-boniface,St. Boniface Episcopal Church,Christianity,Episcopal,Diocese of Southwest Florida,5615 Midnight Pass Rd,Sarasota,34242,Sarasota,Siesta Key,27.263,-82.5328,,https://www.bonifacechurch.org,,The Rev. Nikki Seger,Rector,,"Sun 8, 10 AM",Medium-Large,
st-marks-venice,St. Mark's Episcopal Church,Christianity,Episcopal,Diocese of Southwest Florida,508 Riviera St,Venice,34285,Sarasota,,27.0985,-82.4495,(941) 488-7714,https://stmarksvenice.org,,Fr. Mike,Rector,,,,
st-davids,St. David's Episcopal Church,Christianity,Episcopal,Diocese of Southwest Florida,401 S Broadway,Englewood,34223,Sarasota,,26.9613,-82.3525,(941) 474-3140,https://www.stdavidsenglewood.org,,,,,,,
holy-spirit-osprey,Church of the Holy Spirit,Christianity,Episcopal,Diocese of Southwest Florida,129 S Tamiami Trail,Osprey,34229,Sarasota,,27.1957,-82.4894,(941) 966-1924,https://www.chsosprey.com,,,,,,,
faith-lutheran,Faith Lutheran Church,Christianity,Lutheran,ELCA,7750 S Beneva Rd,Sarasota,34238,Sarasota,,27.2454,-82.4914,(941) 924-4664,https://www.faithlutheransrq.com,,Rev. Eric Olaf Olsen,Pastor,,Sun 9 AM,,
lakeside-lutheran,Lakeside Lutheran Church,Christianity,Lutheran,LCMS,2401 S Tamiami Trail,Venice,34293,Sarasota,,27.0635,-82.4221,(941) 493-5102,https://lakesidelutheran.net,,Rev. David J. Dahlke,Pastor,,,,
emmanuel-lutheran,Emmanuel Lutheran Church,Christianity,Lutheran,ELCA,790 Tamiami Trail S,Venice,34285,Sarasota,,27.0951,-82.4509,,,,Rob Hall,Pastor,,,,
redeemer-lutheran-eng,Redeemer Lutheran Church,Christianity,Lutheran,LCMS,,Englewood,34223,Sarasota,,26.9621,-82.3573,,https://www.redeemerfl.com,,,,,,,
first-umc-sarasota,First United Methodist Church of Sarasota,Christianity,United Methodist,,104 S Pineapple Ave,Sarasota,34236,Sarasota,,27.3358,-82.5414,(941) 955-0935,https://firstsrq.com,,Brett DeHart,Senior Pastor,,"Sun 9, 11 AM",Large,
vamo-umc,Vamo United Methodist Church,Christianity,United Methodist,,8521 Vamo Rd,Sarasota,34231,Sarasota,,27.2231,-82.5142,(941) 966-3306,,,Chester J. Zarzycki Jr.,Pastor,1960,Sun 10 AM,,
grace-umc-venice,Grace United Methodist Church,Christianity,United Methodist,,,Venice,,Sarasota,,27.0998,-82.4287,,https://christvenice.com,,Daryl Allen,Senior Pastor,,,,Consolidation of former First UMC of Venice.
trinity-umc-np,Trinity United Methodist Church of North Port,Christianity,United Methodist,,4285 Wesley Ln,North Port,34287,Sarasota,,27.0492,-82.2378,(941) 426-1734,https://www.trinitychurchnorthport.com,,Dottie Johns,Senior Pastor,,Sun 9 AM,,
englewood-umc,Englewood United Methodist Church,Christianity,United Methodist,,700 E Dearborn St,Englewood,34223,Sarasota,,26.9627,-82.3498,(941) 474-5588,https://www.englewoodmethodist.com,,,,,,,
hurst-chapel-ame,Greater Hurst Chapel AME Church,Christianity,AME,African Methodist Episcopal,2730 N Links Ave,Sarasota,34234,Sarasota,,27.3603,-82.541,(941) 355-6033,http://www.ghcamec.com,,Rev. Keturah Drayton Pittman,Pastor,,Sun 10:30 AM; Wed 7 PM Bible Study,,Newtown neighborhood.
payne-chapel-ame,Payne Chapel AME Church,Christianity,AME,African Methodist Episcopal,1910 Central Ave,Sarasota,34234,Sarasota,,27.3501,-82.5371,,https://www.paynechapelame.com,,Rev. Odell Watson,Senior Pastor,,,,Historic Black church (117+ years).
first-pres-sarasota,First Presbyterian Church of Sarasota,Christianity,Presbyterian,PCUSA,2050 Oak St,Sarasota,34237,Sarasota,,27.3393,-82.526,(941) 955-8119,https://firstpressarasota.org,,Dr. W. Glen Bell,Senior Pastor,1916,"Sun 8:30, 10:30 AM",,
church-of-palms,Church of the Palms,Christianity,Presbyterian,PCUSA,3224 Bee Ridge Rd,Sarasota,34239,Sarasota,,27.2848,-82.4898,(941) 924-1323,https://www.churchofthepalms.org,,Rev. Dr. Paul Kirbas,Senior Pastor,,"Sun 9, 10:30 AM",Large,Originally listed as non-denominational; correctly PCUSA.
venice-pres,Venice Presbyterian Church,Christianity,Presbyterian,PCUSA,825 The Rialto,Venice,34285,Sarasota,,27.0945,-82.4536,(941) 488-2258,https://www.venicepres.org,,Chris Romig,Pastor,,,,
faith-pres-pca,Faith Presbyterian Church,Christianity,Presbyterian,PCA,1201 N Beneva Rd,Sarasota,34232,Sarasota,,27.3401,-82.4928,(941) 955-7074,https://www.faithsarasota.org,,Keith Ledford,Senior Pastor,,"Sun 9, 11 AM",,
first-pres-np,First Presbyterian Church of North Port,Christianity,Presbyterian,PCA,5600 S Biscayne Dr,North Port,34287,Sarasota,,27.0476,-82.2362,,,,,,,,,
st-pauls-pres-np,St. Paul's Presbyterian Church,Christianity,Presbyterian,,"12497 Tamiami Trail S, Unit D",North Port,34287,Sarasota,,27.0432,-82.2231,,https://stpaulspres.com,,,,,,,
kensington-park,Kensington Park Baptist Church,Christianity,Baptist,,3308 17th St,Sarasota,34235,Sarasota,,27.3517,-82.4946,(941) 366-8638,https://kenbaptist.org,,,,,,,
sarasota-baptist,Sarasota Baptist Church,Christianity,Baptist,SBC,7091 Proctor Rd,Sarasota,34241,Sarasota,,27.2691,-82.4549,(941) 922-1449,https://sarasotabaptist.com,,Dr. Michael Lewis,Lead Pastor,,"Sun 9:30, 11 AM",Large multi-site,
southside-baptist,Southside Baptist Church,Christianity,Baptist,,2035 Magnolia St,Sarasota,34239,Sarasota,,27.3127,-82.5358,(941) 953-2588,https://southsidesarasota.com,,Ryan Livingston,Pastor,,Sun 10:30 AM,,Co-located with Bedrock Church.
new-bethel-mbc,New Bethel Missionary Baptist Church,Christianity,Baptist,Missionary Baptist,,Sarasota,,Sarasota,,27.357,-82.541,,https://www.newbethelsrq.org,,"Rev. Rawley Harris, Jr.",Pastor,,,,"Newtown neighborhood; PO Box 1988, 34230."
iglesia-bautista,Iglesia Bautista Misionera de Sarasota,Christianity,Baptist,SBC (Spanish-language),3308 17th St,Sarasota,34235,Sarasota,,27.3517,-82.4946,(941) 373-0878,,,,,,,,Co-located with Kensington Park Baptist.
fbc-venice,First Baptist Church of Venice,Christianity,Baptist,SBC,312 Miami Ave W,Venice,34285,Sarasota,,27.0995,-82.4523,,https://fbcvenice.org,,Tom Hodge,Senior Pastor,,,Large,"Lakefront Campus at 3100 Executive Dr, Venice 34292."
fbc-northport,First Baptist Church of North Port,Christianity,Baptist,SBC,8000 Dorothy Ave,North Port,34287,Sarasota,,27.0395,-82.2126,,https://www.fbcnorthport.org,,,,,,,
fbc-englewood,First Baptist Church Englewood,Christianity,Baptist,SBC,278 S Mango St,Englewood,34223,Sarasota,,26.9612,-82.352,(941) 474-2473,,,John Cates,,,Sun 10:30 AM,,
fbc-osprey,First Baptist Church of Osprey,Christianity,Baptist,SBC,,Osprey,34229,Sarasota,,27.1956,-82.4882,(941) 966-2705,https://osprey.church,,,,,,,
fbc-nokomis,First Baptist Church of Nokomis,Christianity,Baptist,SBC,,Nokomis,34275,Sarasota,,27.119,-82.4459,,,,,,,,,
johnson-chapel-mbc,Johnson Chapel Missionary Baptist Church,Christianity,Baptist,Missionary Baptist,506 Church St,Nokomis,34275,Sarasota,,27.1198,-82.4423,,,,,,,,,Historic Black congregation in Laurel/Nokomis.
mt-zion-mbc,Mt. Zion Missionary Baptist Church,Christianity,Baptist,Missionary Baptist,112 Wallace St,Nokomis,34275,Sarasota,,27.1178,-82.4419,,,,,,,,,
church-of-hope,Church of Hope,Christianity,Pentecostal,Assemblies of God,2300 Lakewood Ranch Blvd,Sarasota,34240,Sarasota,,27.3729,-82.4181,(941) 923-1592,https://churchofhope.com,,,Lead Pastor,,"Sat 7 PM; Sun 9, 11 AM","Megachurch (~2,755 members)",
pentecostals-sarasota,The Pentecostals of Sarasota,Christianity,Pentecostal,UPCI,5055 Sawyer Rd,Sarasota,34233,Sarasota,,27.2982,-82.4716,(941) 955-6484,http://thepentecostalsofsarasota.com,,Jody D. Schlottman,Pastor,,"Sun 11 AM, 6 PM; Wed 7 PM",,
new-covenant,New Covenant Family Church,Christianity,Pentecostal,Assemblies of God,5005 Beneva Rd,Sarasota,34233,Sarasota,,27.288,-82.4955,,https://www.newcovenantfamilychurch.com,,,,,,,
new-life-worship,New Life Worship Center,Christianity,Charismatic non-denominational,,2105 Worrington St,Sarasota,34231,Sarasota,,27.2687,-82.5151,(941) 922-8444,https://www.newlifeworshipcenter.com,,,,,,,
iglesia-pentecostal-nj,Iglesia Pentecostal del Nombre de Jesús,Christianity,Pentecostal (Spanish),,,Sarasota,34234,Sarasota,,27.358,-82.541,,,,,,,,,
iglesia-palabra-fe,Iglesia Palabra de Fe,Christianity,Pentecostal (bilingual),,1872 18th St,Sarasota,34234,Sarasota,,27.3478,-82.5331,(941) 355-4618,,,,,,,,
gulf-coast-church,Gulf Coast Church,Christianity,Non-denominational / AG,,,North Port,,Sarasota,,27.045,-82.235,,https://gcc.churchtrac.com,,,,,,,
cog-north-sarasota,Church of God of North Sarasota,Christianity,Pentecostal,"Church of God (Cleveland, TN)",4090 Tallevast Rd,Sarasota,,Sarasota,,27.4012,-82.5232,,,,,,,,,Verify county — Tallevast Rd straddles line.
victory-faith-cogic,Victory Faith Assembly Church Of God In Christ,Christianity,Pentecostal,COGIC,,Sarasota,,Sarasota,,27.355,-82.54,,,,,,,,,Address needs verification. Likely in Newtown.
first-christian-doc,First Christian Church (Disciples of Christ),Christianity,Disciples of Christ,,7601 SR-72,Sarasota,,Sarasota,,27.273,-82.388,(941) 922-4434,,,,,,,,
beneva-christian-doc,Beneva Christian Church (Disciples of Christ),Christianity,Disciples of Christ,,4835 Beneva Rd,Sarasota,,Sarasota,,27.2935,-82.4928,,,,,,,,,
sarasota-christian-cc,Sarasota Christian Church,Christianity,"Christian Church (non-denom, Mennonite-rooted)",,2923 Ashton Rd,Sarasota,34231,Sarasota,,27.2657,-82.4892,(941) 924-0107,https://sarasotacc.org,,Lee Robison,Senior Pastor,,"Sun 9, 10:45 AM",,
osprey-church-of-christ,Osprey Church of Christ,Christianity,Churches of Christ (a cappella),,406 Pennsylvania Ave,Osprey,34229,Sarasota,,27.1972,-82.4861,,https://ospreychurchofchrist.com,,,,,,,
bayshore,Bayshore Church,Christianity,Mennonite,MCUSA / Rosedale Network,5415 Bahia Vista St,Sarasota,34232,Sarasota,,27.327,-82.4729,(941) 355-4168,https://www.bayshoresrq.org,,David M. Barkema,Pastor,,,,Formerly Bay Shore Mennonite Church.
sarasota-friends,Sarasota Friends Meeting,Christianity,Quaker,FGC / Southeastern Yearly Meeting,3139 57th St,Sarasota,34243,Sarasota,,27.4011,-82.4915,(941) 358-5759,https://quaker.org/legacy/sarasota/,,,,,Sun 10 AM (unprogrammed),,
first-cong-ucc,First Congregational UCC,Christianity,United Church of Christ,,1031 S Euclid Ave,Sarasota,34237,Sarasota,,27.3299,-82.5218,(941) 953-7044,https://uccsarasota.com,,Rev. Dr. Wesley D. Bixby,Senior Pastor,,,,Open & Affirming since 2001.
st-andrew-ucc,St. Andrew United Church of Christ,Christianity,United Church of Christ,,6908 Beneva Rd,Sarasota,,Sarasota,,27.2667,-82.4915,(941) 922-7595,https://www.sarasotaucc.org,,,,,,,"Just Peace, Open & Affirming."
north-port-ucc,North Port Community UCC,Christianity,United Church of Christ,,,North Port,,Sarasota,,27.044,-82.236,,https://www.northportucc.org,,,,,,,
first-cs-sarasota,"First Church of Christ, Scientist, Sarasota",Christianity,Christian Science,,2100 Main St,Sarasota,34237,Sarasota,,27.3372,-82.5305,,https://www.firstchurchofchristscientistsarasota.org,,,,,,,Reading Room in adjacent building.
cs-society-sarasota,Christian Science Society of Sarasota,Christianity,Christian Science,,,Sarasota,,Sarasota,,27.336,-82.53,,https://christiansciencesarasota.org,,,,,,,
third-cs-sarasota,"Third Church of Christ, Scientist, Sarasota",Christianity,Christian Science,,,Sarasota,,Sarasota,,27.336,-82.53,,https://www.christiansciencechurchsarasota.com,,,,,,,
sarasota-sda,Sarasota Seventh-day Adventist Church,Christianity,Seventh-day Adventist,,5764 Churchill Downs Rd,Sarasota,34241,Sarasota,,27.2483,-82.44,(941) 924-5797,https://sarasotasda.org,churchoffice@sarasotasda.org,,,,Sat 11 AM,,
mt-sinai-sda,Mount Sinai Seventh-day Adventist Church,Christianity,Seventh-day Adventist,,3620 Leonard Reid Ave,Sarasota,34234,Sarasota,,27.3614,-82.5258,(941) 351-5972,https://mtsinaisrq.com,,,,,Sat 10:45 AM,,
lds-sarasota,The Church of Jesus Christ of Latter-day Saints (Sarasota Ward),Christianity,LDS / Mormon,,7001 Beneva Rd,Sarasota,34238,Sarasota,,27.2649,-82.4915,,https://local.churchofjesuschrist.org/en/units/us/fl/sarasota-ward,,,,,Sun 9 AM,,
jw-swift,Kingdom Hall of Jehovah's Witnesses (Swift Rd),Christianity,Jehovah's Witnesses,,4425 Swift Rd,Sarasota,34231,Sarasota,,27.2823,-82.5079,(941) 922-6330,,,,,,,,Address from third-party source — verify.
jw-17th,Kingdom Hall of Jehovah's Witnesses (17th St),Christianity,Jehovah's Witnesses,,5148 17th St,Sarasota,34235,Sarasota,,27.3517,-82.4795,,,,,,,,,Address from third-party source — verify.
jw-proctor,Kingdom Hall of Jehovah's Witnesses (Proctor Rd),Christianity,Jehovah's Witnesses,,5256 Proctor Rd,Sarasota,34233,Sarasota,,27.288,-82.4682,,,,,,,,,Address from Waze — verify.
south-shore,South Shore Community Church,Christianity,Non-denominational,,1899 S Tuttle Ave,Sarasota,34239,Sarasota,,27.3171,-82.5183,(941) 362-3142,https://www.southshorechurch.com,,Dr. Nicholas Williams,Senior Pastor,,"Sun 8:30, 10, 11:30 AM, 6 PM; Thu 6:30 PM",Large,
suncoast-community,Suncoast Community Church,Christianity,Non-denominational,,8000 Hawkins Rd,Sarasota,34241,Sarasota,,27.251,-82.4419,,https://www.suncoastcommunity.com,,Dr. Larry Baucom,Senior Pastor,1998,Sun 9 AM,,
the-360-church,The 360 Church,Christianity,Non-denominational,,5250 McIntosh Rd,Sarasota,34233,Sarasota,,27.2862,-82.4783,(941) 363-6876,https://the360church.com,info@360church.com,,,,"Sun 8:45, 10:30 AM",,
calvary-chapel-sarasota,Calvary Chapel Sarasota,Christianity,Calvary Chapel (non-denominational),,3800 27th Pkwy,Sarasota,34235,Sarasota,,27.3548,-82.4849,,https://ccsrq.cc,,Carl Dixon,Senior Pastor,1987,"Sun 9, 11 AM",,Operates Calvary Chapel School.
grace-community-srq,Grace Community Church,Christianity,Non-denominational,,6932 Professional Pkwy E,Sarasota,34240,Sarasota,,27.3858,-82.4256,(941) 921-5784,https://gracesarasota.com,,Dr. Chip Bennett,Founding Senior Pastor,2010,"Sun 9, 10:45 AM",Large,Lakewood Ranch campus at 4080 Lakewood Ranch Blvd N.
bedrock-church,Bedrock Church Sarasota,Christianity,Non-denominational,,2035 Magnolia St,Sarasota,34239,Sarasota,,27.3127,-82.5358,(941) 208-3250,https://www.mybedrock.church,,Blake Harcup,Pastor,,,,Co-located with Southside Baptist.
trinity-nazarene,Sarasota Trinity Church of the Nazarene,Christianity,Nazarene,,3101 Wilkinson Rd,Sarasota,34231,Sarasota,,27.279,-82.4995,(941) 922-5133,https://www.sarasotatrinitynazarene.org,,Rev. Virgil Mills,Pastor,1967,Sun 11 AM,,
faith-life,Faith Life Church,Christianity,Non-denominational,Word of Faith,6980 Professional Pkwy E,Sarasota,34240,Sarasota,,27.3858,-82.4259,,,,,,,,,
freedom-bible,Freedom Bible Church,Christianity,Non-denominational,,,North Port,,Sarasota,,27.044,-82.236,,https://freedombiblechurch.com,,,,,,,
calvary-chapel-nokomis,Calvary Chapel of Venice (Nokomis),Christianity,Calvary Chapel,,602 Albee Farm Rd N,Nokomis,34275,Sarasota,,27.1265,-82.4534,,,,,,,,,
new-hope-nokomis,New Hope Christian Church,Christianity,Non-denominational,,,Nokomis,34275,Sarasota,,27.119,-82.446,,https://www.nhccnokomis.com,,,,,,,
nokomis-christian-fellowship,Nokomis Christian Fellowship,Christianity,Non-denominational,,727 Shore Rd,Nokomis,34275,Sarasota,,27.1199,-82.4575,,,,,,,,,
temple-emanu-el,Temple Emanu-El of Sarasota,Judaism,Reform,,151 McIntosh Rd,Sarasota,34232,Sarasota,,27.3232,-82.4892,(941) 371-2788,https://www.sarasotatemple.org,,Brenner Glickman,Senior Rabbi,1956,Fri 7:15 PM Shabbat; Sat 11 AM Torah Study,Large; largest synagogue in region,
temple-sinai,Temple Sinai,Judaism,Reform,,4631 S Lockwood Ridge Rd,Sarasota,34231,Sarasota,,27.2857,-82.4836,(941) 924-1802,https://www.templesinai-sarasota.org,office@templesinai-sarasota.org,Cliff Abramson,Senior Clergy / Chazzan,1991,,,
jcv,Jewish Congregation of Venice,Judaism,Reform,,600 N Auburn Rd,Venice,34292,Sarasota,,27.1042,-82.4011,(941) 484-2022,https://jewishcongregationofvenice.org,,Marci Vitkus,Rabbi,1980,Fri 7:30 PM Shabbat (in-person + Zoom),,
temple-beth-sholom,Temple Beth Sholom,Judaism,Conservative,,"1050 S Tuttle Ave, Bldg 2",Sarasota,34237,Sarasota,,27.3274,-82.5215,(941) 955-8121,https://templebethsholomfl.org,info@tbssrq.org,Stuart Altshuler,Rabbi,1927,Fri 6:30 PM; Sat 9:30 AM (in-person + livestream),~400 families,Oldest synagogue in Sarasota.
kol-haneshama,Congregation Kol HaNeshama,Judaism,Reconstructionist,,4335 Wilkinson Rd,Sarasota,34233,Sarasota,,27.2862,-82.4734,(941) 244-2042,https://khsarasota.org,mike.congkh@gmail.com,Rabbi Sigal,Rabbi,,Fri 6 PM; Sat 10 AM,,Meets at Hershorin Schiff Community Day School.
chabad-sarasota,Chabad Lubavitch of Sarasota & Manatee Counties,Judaism,Orthodox (Chabad-Lubavitch),,7700 Beneva Rd,Sarasota,34238,Sarasota,,27.2475,-82.476,(941) 925-0770,https://www.sarasotachabad.com,info@chabadofsarasota.com,Chaim Steinmetz,Rabbi (Director),,,,
chabad-venice,Chabad of Venice & North Port,Judaism,Orthodox (Chabad-Lubavitch),,21560 Angela Lane,Venice,34293,Sarasota,,27.059,-82.3493,(941) 493-2770,https://www.chabadofvenice.com,,Sholom Ber Schmerling,Rabbi (Director),,,,
mayim-chayim,Mayim Chayim Messianic Synagogue,Judaism,Messianic,,8700 SR-72,Sarasota,34241,Sarasota,,27.2731,-82.3677,(941) 363-1820,https://www.mayimchayimfl.com,mayimchayimfl@gmail.com,,,,Sat 11:30 AM,,UMJC-affiliated. Facility temporarily closed.
issb,Islamic Society of Sarasota and Bradenton (ISSB),Islam,Sunni,,4350 N Lockwood Ridge Rd,Sarasota,34234,Sarasota,,27.3779,-82.4836,(941) 351-3393,https://issb.net,info@issb.net,Mohamed Ben Khaled,Imam,1992,Fri Jummah; daily 5 prayers,,Only mosque in Sarasota County. Multi-ethnic (~25 nationalities).
nur-academy,Nur Academy,Islam,Sunni (school),,4350 N Lockwood Ridge Rd,Sarasota,34234,Sarasota,,27.3779,-82.4836,,https://nur-academy.org,,,,,,,K-5 Islamic school co-located with ISSB.
kmc-florida,KMC Florida (Kadampa Meditation Center),Buddhism,Kadampa,New Kadampa Tradition,730 N Washington Blvd,Sarasota,34236,Sarasota,,27.3461,-82.5345,(941) 373-1600,https://meditationinsarasota.org,info@meditationinsarasota.org,Gen Kelsang Lhadron,Resident Teacher,,Sun 11 AM; Tue 7 PM; Mon/Wed lunchtime; Fri 11 AM,,
sarasota-forest,Sarasota Forest Monastery,Buddhism,Theravada,Thai Forest (Dhammayut),520 Lewis St,Englewood,34223,Sarasota,,26.9617,-82.3528,(914) 914-7504,https://sarasotaforestmonastery.org,SarasotaForestMonastery@gmail.com,Ajaan Chichung Dhammattho,Abbot,2015,,,
happy-monastery,Happy Monastery (Tu Viện Hạnh Phúc),Buddhism,Mahayana,Vietnamese,4101 S Lockwood Ridge Rd,Sarasota,34231,Sarasota,,27.2778,-82.4906,(727) 455-3498,https://www.facebook.com/happymonastery/,,Thầy Thích Tâm Nguyên,Abbot/Teacher,,,,
chua-linh-phong,Chua Linh Phong,Buddhism,Mahayana,Vietnamese,4884 Elizabeth Ave,Sarasota,34233,Sarasota,,27.2722,-82.4889,(941) 923-6742,http://www.chualinhphong.com/,,,,,,,
sarasota-zen,Sarasota Zen Center,Buddhism,Zen,Soto Zen,3131 Clark Rd,Sarasota,34231,Sarasota,,27.2828,-82.5111,,https://sarasotazencenter.org/,,,,,,,
srf-sarasota,Sarasota Meditation Circle of SRF,Hinduism / Yoga,Self-Realization Fellowship,,3975 Fruitville Rd,Sarasota,34232,Sarasota,,27.3414,-82.4881,,https://yogananda.org/locations/sarasota-meditation-circle,sarasota.srf@gmail.com,,,,,,Meets in UU Church of Sarasota space.
wellness-space,The Wellness Space,Yoga / Wellness,,,"1561 Lakefront Drive, Unit 208",Sarasota,34240,Sarasota,,27.3325,-82.4108,(941) 900-8064,https://thewellness-space.com,info@thewellness-space.com,,,,,,
dharma-yoga,Dharma Yoga SRQ,Yoga / Wellness,,,7513 S Tamiami Trail,Sarasota,34231,Sarasota,,27.2625,-82.5142,(941) 702-0072,https://dharmayogasrq.com,dharmayogasrq@gmail.com,Noelle and Jillian,Instructors,,,,
uu-sarasota,Unitarian Universalists of Sarasota,Unitarian Universalism,UUA,,3975 Fruitville Rd,Sarasota,34232,Sarasota,,27.3414,-82.4881,(941) 371-4974,https://uusrq.org,,Rev. Jay Wolin,Minister,1952,Sun 10:30 AM (in-person + livestream),~500 members; largest UU in FL,
uu-venice,UU Congregation of Venice,Unitarian Universalism,UUA,,1971 Pinebrook Rd,Venice,34292,Sarasota,,27.1064,-82.4117,(941) 485-2105,https://uucov.org,,Rev. Dr. Amy Petrie Shaw,Minister,,Sun 10 AM,,
bahai-srq,Bahá'ís of Sarasota & Manatee Counties,Bahá'í Faith,Bahá'í,,,Sarasota,,Sarasota,,27.336,-82.53,(941) 928-0317,https://srqbahai.org,,,,,,,Local Spiritual Assembly; no public meeting house.
eckankar,Eckankar Center and Reading Room of Sarasota,New Religious Movement,Eckankar,,"3650 Webber St, Unit F",Sarasota,34232,Sarasota,,27.3078,-82.5072,(941) 358-0325,https://eck-florida.org,,,,,,,
scientology-srq,Church of Scientology Mission of Sarasota,New Religious Movement,Scientology,,5500 Bentgrass Drive #114,Sarasota,34235,Sarasota,,27.3508,-82.4632,(941) 926-2466,,,,,,,,Tuesday Night Talks at 1242 Boulevard of the Arts.
sarasota-center-of-light,Sarasota Center of Light,Alternative Spirituality,Spiritualist,,,Sarasota,,Sarasota,,27.336,-82.53,(941) 953-6620,https://www.sarasotacenteroflight.com,churchoffice@sarasotacenteroflight.com,,,1949,,,Originally 'Shrine of the Master' — renamed 2010.
cosmic-center,Cosmic Center of Spiritual Light,Alternative Spirituality,Spiritualist / Educational,,"5041 Ringwood Meadow, Bldg G-25",Sarasota,34235,Sarasota,,27.368,-82.4519,(941) 371-9333,https://www.ccosl.com,,,,,,,
wild-ginger,Wild Ginger Apothecary,Alternative Spirituality,Metaphysical Shop,,6557 Superior Ave,Sarasota,34231,Sarasota,,27.2589,-82.5081,(941) 924-4754,https://www.wildgingerapothecary.com,,,,,,,"Crystals, readings, yoga, sound healing."
pixie-dust,Pixie Dust SRQ,Alternative Spirituality,Metaphysical Shop,,"40 Sarasota Center Blvd, Unit 106",Sarasota,34240,Sarasota,,27.3265,-82.4341,(941) 366-6325,https://www.pixiedustsrq.com,,,,,,,Moved from 1476 Main St (closed).
logan-light,Logan Light Center,Alternative Spirituality,Modern Mystery School,,4623 Oak Hill Terrace,Sarasota,34232,Sarasota,,27.3242,-82.4651,,https://www.loganlightcenter.com,,,,,,,King Salomon lineage.
reiki-wellness,Center for Reiki Wellness and Past Life Regression,Alternative Spirituality,Reiki / Hypnosis,,"352 Somerset Ave, Ste 111",Sarasota,34243,Sarasota,,27.392,-82.532,,https://www.centerforreikiwellness.com,,Cyndy Paxton,,,,,
shaman-central,The Shaman Central,Alternative Spirituality,Shamanism / Reiki,,2055 Wood St,Sarasota,34237,Sarasota,,27.3296,-82.526,(941) 928-4225,https://www.theshamancentral.com,,Eric Watrous,,2015,,,
intuitive-pamela,Intuitive Energy Healing by Pamela,Alternative Spirituality,Reiki / Energy Healing,,7727B Holiday Dr,Sarasota,34231,Sarasota,,27.2718,-82.518,(941) 323-3761,https://reikipam.wixsite.com/intuitiveenergy,,Pamela Parker,,,,,
rachel-norway,Psychic Medium Rachel Norway,Alternative Spirituality,Psychic / Medium,,,Sarasota,34231,Sarasota,,27.27,-82.51,(941) 770-0027,https://www.connectionswithrachel.com,connectionswithrachel@gmail.com,,,,,,By appointment; no public street address.
carolan-carey,The Psychic Medium of SRQ (Carolan Carey),Alternative Spirituality,Psychic / Medium,,,Sarasota,34232,Sarasota,,27.336,-82.5,(941) 779-3971,https://www.carolancarey.com,,,,,,,Established 2008. By appointment.
michael-sue-scott,Michael Sue Scott Intuitive Reader,Alternative Spirituality,Psychic / Tarot,,5641 Summer Side Ln,Sarasota,34231,Sarasota,,27.2654,-82.4977,(941) 525-1011,https://www.michaelsuescott.com,,,,,,,
vivians,Vivian's Psychic Boutique,Alternative Spirituality,Psychic / Metaphysical Shop,,312 S Washington Blvd,Sarasota,34236,Sarasota,,27.3354,-82.536,(954) 482-3845,http://www.vivianspsychicboutique.com,,,,,,,
my-star-angels,My Star Angels,Alternative Spirituality,Psychic / Medium,,"2803 Fruitville Rd, Ste 131",Sarasota,34237,Sarasota,,27.337,-82.5102,(941) 275-7966,https://mystarangels.com,sami@mystarangels.com,Masami,,,,,
